member_id,firstName,lastName,gender,father_id,mother_id,spouse_id,dob,dod,village,taluka,district,pincode,phone,photo
1,Bhavdu,Deore,M,,,,,,,,,,,
2,Shankar,Deore,M,1,,3,,,,,,,,
3,Bhilabai,Deore,F,,,2,,,,,,,,
4,Motiram,Deore,M,2,3,9,,,,,,,,
5,Dharma,Deore,M,2,3,10,,,,,,,,
6,Bhavrao,Deore,M,2,3,11,,,,,,,,
7,Murlidhar,Deore,M,2,3,12,,,,,,,,
8,Reshmabai,Shewale,F,2,3,13,,,,,,,,
9,Anjabai,Deore,F,,,4,,,,,,,,
10,Sumanbai,Deore,F,,,5,,,,,,,,
11,Sulkanbai,Deore,F,,,6,,,,,,,,
12,Shantabai,Deore,F,,,7,,,,,,,,
13,Sawkar,Shewale,,,,8,,,,,,,,
14,Latabai,Ahire,F,4,9,18,,,,,,,,
15,Chitrabai,Pawar,F,4,9,19,,,,,,,,
16,Amrut,Deore,M,4,9,20,,,,,,,,
17,Rajendra,Deore,M,4,9,21,,,,,,,,
18,Madhukar,Ahire,M,,,14,,,,,,,,
19,Pandit,Pawar,M,,,15,,,,,,,,
20,Mangal,Deore,F,,,16,,,,,,,,
21,Sunita,Deore,F,,,17,,,,,,,,
22,Pratap,Deore,M,5,10,25,,,,,,,,
23,Chandrakant,Deore,M,5,10,26,,,,,,,,
24,Suman,Deore,F,5,10,27,,,,,,,,
25,Jijabai,Deore,F,,,22,,,,,,,,
26,Jyoti,Deore,F,,,23,,,,,,,,
27,NA,,,,,24,,,,,,,,
28,Vimal,,F,6,11,34,,,,,,,,
29,Ashok,Deore,M,6,11,35,,,,,,,,
30,Sudam,Deore,M,6,11,36,,,,,,,,
31,Manik,Deore,M,6,11,37,,,,,,,,
32,Shobha,,F,6,11,38,,,,,,,,
33,Pamabai,,F,6,11,39,,,,,,,,
34,NA,,M,,,28,,,,,,,,
35,Tarabai,,F,,,29,,,,,,,,
36,Archana,,F,,,30,,,,,,,,
37,Chhaya,,F,,,31,,,,,,,,
38,NA,,M,,,32,,,,,,,,
39,NA,,M,,,33,,,,,,,,
40,Sulabai,,F,7,12,45,,,,,,,,
41,Kailas,,M,7,12,46,,,,,,,,
42,Sangita,,,7,12,47,,,,,,,,
43,Aaba,,,7,12,48,,,,,,,,
44,Chhoti,,,7,12,49,,,,,,,,
45,NA,,M,,,40,,,,,,,,
46,Kalabai,,,,,41,,,,,,,,
47,Kishor,,,,,42,,,,,,,,
48,Pratibha,,,,,43,,,,,,,,
49,Popat,,,,,44,,,,,,,,
